date_begin,date_end,Name,constituency,Local Party,Group,Parliament,ID,country
7/20/04,6/7/09,Kader Arif,South-West France,PS,Party of European Socialists ,6,28137,France
7/20/04,6/7/09,Marie-Hélène Aubert,West France,Les Verts,The Greens–European Free Alliance,6,28213,France
7/20/04,6/11/05,Brice Hortefeux,Massif central – Centre,UMP,European People's Party,6,5565,France
6/11/05,6/7/09,Jean-Pierre Audy,Massif central – Centre,UMP,European People's Party,6,33775,France
7/20/04,6/7/09,Jean-Marie Beaupuy,East France,UDF,Alliance of Liberals and Democrats for Europe,6,28205,France
7/20/04,6/7/09,Jean-Luc Bennahmias,South-East France,Les Verts,The Greens–European Free Alliance,6,28214,France
7/20/04,6/7/09,Pervenche Berès,Ile-de-France,PS,Party of European Socialists ,6,1985,France
7/20/04,6/7/09,Guy Bono,South-East France,PS,Party of European Socialists ,6,28140,France
7/20/04,6/7/09,Marie-Arlette Carlotti,South-East France,PS,Party of European Socialists ,6,2031,France
7/20/04,6/7/09,Françoise Castex,South-West France,PS,Party of European Socialists ,6,28148,France
7/20/04,6/7/09,Jean-Marie Cavada,South-West France,UDF,Alliance of Liberals and Democrats for Europe,6,28206,France
7/20/04,6/7/09,Thierry Cornillet,South-East France,UDF,Alliance of Liberals and Democrats for Europe,6,4338,France
7/20/04,6/7/09,Jean-Louis Cottigny,North-West France,PS,Party of European Socialists ,6,2315,France
7/20/04,6/7/09,Paul-Marie Coûteaux,Ile-de-France,MPF,Independence/Democracy,6,4383,France
7/20/04,6/7/09,Joseph Daul,East France,UMP,European People's Party,6,4342,France
7/20/04,6/7/09,Marielle de Sarnez,Ile-de-France,UDF,Alliance of Liberals and Democrats for Europe,6,4335,France
7/20/04,6/7/09,Christine de Veyrac,South-West France,UMP,European People's Party,6,4347,France
7/20/04,6/7/09,Philippe de Villiers,West France,MPF,Independence/Democracy,6,2212,France
7/20/04,10/6/08,Bernadette Bourzai,Massif central – Centre,PS,Party of European Socialists ,6,28143,France
10/6/08,6/7/09,Jean-Paul Denanot,Massif central – Centre,PS,Party of European Socialists ,6,94282,France
7/20/04,6/7/09,Marie-Hélène Descamps,Massif central – Centre,UMP,European People's Party,6,22859,France
7/20/04,6/7/09,Harlem Désir,Ile-de-France,PS,Party of European Socialists ,6,4318,France
7/20/04,6/7/09,Brigitte Douay,North-West France,PS,Party of European Socialists ,6,28157,France
7/20/04,6/7/09,Anne Ferreira,Ile-de-France,PS,Party of European Socialists ,6,5735,France
7/20/04,6/7/09,Hélène Flautre,North-West France,Les Verts,The Greens–European Free Alliance,6,4385,France
7/20/04,6/7/09,Nicole Fontaine,Ile-de-France,UMP,European People's Party,6,945,France
7/20/04,10/1/08,Jean-Louis Bourlanges,North-West France,NC,European People's Party,6,1026,France
10/1/08,6/7/09,Brigitte Fouré,North-West France,NC,European People's Party,6,39956,France
7/20/04,6/7/09,Janelly Fourtou,Massif central – Centre,UDF,Alliance of Liberals and Democrats for Europe,6,4336,France
7/20/04,6/7/09,Patrick Gaubert,Ile-de-France,UMP,European People's Party,6,28183,France
7/20/04,6/7/09,Jean-Paul Gauzes,North-West France,UMP,European People's Party,6,28193,France
7/20/04,6/7/09,Claire Gibault,South-East France,UDF,Alliance of Liberals and Democrats for Europe,6,28207,France
7/20/04,6/7/09,Bruno Gollnisch,East France,FN,Non-Inscrits,6,1164,France
7/20/04,6/7/09,Natalie Griesbeck,East France,UDF,Alliance of Liberals and Democrats for Europe,6,28208,France
7/20/04,6/7/09,Françoise Grossetête,South-East France,UMP,European People's Party,6,2025,France
7/20/04,6/7/09,Ambroise Guellec,West France,UMP,European People's Party,6,28194,France
7/20/04,6/7/09,Catherine Guy-Quint,Massif central – Centre,PS,Party of European Socialists ,6,4314,France
7/20/04,6/7/09,Benoît Hamon,East France,PS,Party of European Socialists ,6,28159,France
7/20/04,5/17/08,Adeline Hazan,East France,PS,Party of European Socialists ,6,4299,France
5/17/08,6/7/09,Catherine Boursier,East France,PS,Party of European Socialists ,6,58711,France
7/20/04,6/7/09,Jacky Henin,North-West France,PCF,European United Left–Nordic Green Left,6,28215,France
7/20/04,6/7/09,Marie-Anne Isler-Béguin,East France,Les Verts,The Greens–European Free Alliance,6,188718,France
7/20/04,6/7/09,André Laignel,Massif central – Centre,PS,Party of European Socialists ,6,1980,France
7/20/04,6/7/09,Alain Lamassoure,South-West France,UMP,European People's Party,6,1204,France
7/20/04,6/7/09,Carl Lang,North-West France,FN,Non-Inscrits,6,2057,France
7/20/04,6/7/09,Anne Laperrouze,South-West France,UDF,Alliance of Liberals and Democrats for Europe,6,28209,France
7/20/04,6/7/09,Stéphane Le Foll,West France,PS,Party of European Socialists ,6,28162,France
7/20/04,6/7/09,Jean-Marie Le Pen,South-East France,FN,Non-Inscrits,6,1023,France
7/20/04,6/7/09,Marine Le Pen,Ile-de-France,FN,Non-Inscrits,6,28210,France
7/20/04,10/22/04,Chantal Simonot,North-West France,FN,Non-Inscrits,6,28212,France
10/22/04,6/7/09,Fernand Le Rachinel,North-West France,FN,Non-Inscrits,6,2066,France
7/20/04,6/7/09,Bernard Lehideux,Ile-de-France,UDF,Alliance of Liberals and Democrats for Europe,6,2326,France
7/20/04,7/20/04,Marie-Line Reynaud,West France,PS,Party of European Socialists ,6,28168,France
7/20/04,6/7/09,Roselyne Lefrançois,West France,PS,Party of European Socialists ,6,38846,France
7/20/04,6/7/09,Marie-Noëlle Lienemann,North-West France,PS,Party of European Socialists ,6,1708,France
7/20/04,6/7/09,Alain Lipietz,Ile-de-France,Les Verts,The Greens–European Free Alliance,6,4384,France
7/20/04,6/7/09,Patrick Louis,South-East France,MPF,Independence/Democracy,6,28217,France
7/20/04,6/7/09,Jean-Claude Martinez,South-West France,FN,Non-Inscrits,6,966,France
7/20/04,6/7/09,Véronique Mathieu,East France,UMP,European People's Party,6,4412,France
7/20/04,6/7/09,Philippe Morillon,West France,UDF,Alliance of Liberals and Democrats for Europe,6,4332,France
7/20/04,5/24/07,Roselyne Bachelot-Narquin,West France,UMP,European People's Party,6,28179,France
5/24/07,6/7/09,Elisabeth Morin,West France,UMP,European People's Party,6,38596,France
7/20/04,6/7/09,Gérard Onesta,South-West France,Les Verts,The Greens–European Free Alliance,6,1838,France
7/20/04,6/7/09,Béatrice Patrie,South-West France,PS,Party of European Socialists ,6,4309,France
7/20/04,6/7/09,Vincent Peillon,North-West France,PS,Party of European Socialists ,6,28166,France
7/20/04,6/7/09,Bernard Poignant,West France,PS,Party of European Socialists ,6,4311,France
7/20/04,7/4/07,Pierre Moscovici,East France,PS,Party of European Socialists ,6,1983,France
7/4/07,6/7/09,Pierre Pribetich,East France,PS,Party of European Socialists ,6,38845,France
7/20/04,6/7/09,Martine Roure,South-East France,PS,Party of European Socialists ,6,4313,France
7/20/04,6/7/09,Tokia Saïfi,North-West France,UMP,European People's Party,6,4345,France
7/20/04,6/7/09,Gilles Savary,Ile-de-France,PS,Party of European Socialists ,6,4306,France
7/20/04,6/7/09,Pierre Schapira,Ile-de-France,PS,Party of European Socialists ,6,28172,France
7/20/04,6/7/09,Lydia Schenardi,South-East France,FN,Non-Inscrits,6,28211,France
7/20/04,6/7/09,Michel Rocard,South-East France,PS,Party of European Socialists ,6,1977,France
2/1/09,6/7/09,Bernard Soulage,South-East France,PS,Party of European Socialists ,6,95298,France
7/20/04,10/6/08,Robert Navarro,South-West France,PS,Party of European Socialists ,6,28164,France
10/6/08,6/7/09,Michel Teychenné,South-West France,PS,Party of European Socialists ,6,94281,France
7/20/04,6/7/09,Jacques Toubon,Ile-de-France,UMP,European People's Party,6,28198,France
7/20/04,6/7/09,Catherine Trautmann,East France,PS,Party of European Socialists ,6,1129,France
7/20/04,6/7/09,Ari Vatanen,South-East France,UMP,European People's Party,6,4256,France
7/20/04,6/7/09,Yannick Vaugrenard,West France,PS,Party of European Socialists ,6,28175,France
7/20/04,6/7/09,Bernadette Vergnaud,West France,PS,Party of European Socialists ,6,28177,France
7/20/04,6/7/09,Dominique Vlasto,South-East France,UMP,European People's Party,6,5737,France
7/20/04,6/7/09,Henri Weber,North-West France,PS,Party of European Socialists ,6,2319,France
7/20/04,6/7/09,Francis Wurtz,Ile-de-France,PCF,European United Left–Nordic Green Left,6,1018,France
7/14/09,7/14/14,Sandrine Bélier,East France,  Europe Ecology,The Greens–European Free Alliance,7,96738,France
7/14/09,7/14/14,Arnaud Danjean,East France,  Union for a Popular Movement,European People's Party,7,96747,France
7/14/09,7/14/14,Joseph Daul,East France,  Union for a Popular Movement,European People's Party,7,4342,France
7/14/09,7/14/14,Bruno Gollnisch,East France,  National Front,NI,7,1164,France
7/14/09,7/14/14,Nathalie Griesbeck,East France,  Democratic Movement,Alliance of Liberals and Democrats for Europe,7,28208,France
7/14/09,7/14/14,Liêm Hoang-Ngoc,East France,  Socialist Party,Party of European Socialists ,7,96950,France
7/14/09,7/14/14,Véronique Mathieu,East France,  Union for a Popular Movement,European People's Party,7,4412,France
7/14/09,7/14/14,Michèle Striffler,East France,  Modern Left,European People's Party,7,96860,France
7/14/09,7/14/14,Catherine Trautmann,East France,  Socialist Party,Party of European Socialists ,7,1129,France
7/14/09,7/14/14,Rachida Dati,Ile de France,  Union for a Popular Movement,European People's Party,7,72775,France
7/14/09,7/14/14,Jean-Marie Cavada,Ile de France,  Union for a Popular Movement (New Centre),European People's Party,7,28206,France
7/14/09,7/14/14,Marielle Gallo,Ile de France,  Modern Left,European People's Party,7,96896,France
7/14/09,7/14/14,Philippe Juvin,Ile de France,  Union for a Popular Movement,European People's Party,7,96884,France
7/14/09,2/9/10,Michel Barnier,Ile de France,  Union for a Popular Movement,European People's Party,7,72776,France
2/10/10,7/14/14,Constance Le Grip,Ile de France,  Union for a Popular Movement,European People's Party,7,101580,France
7/14/09,7/14/14,Daniel Cohn-Bendit,Ile de France,  Europe Ecology (The Greens),The Greens–European Free Alliance,7,1934,France
7/14/09,7/14/14,Eva Joly,Ile de France,  Europe Ecology,The Greens–European Free Alliance,7,96883,France
7/14/09,7/14/14,Pascal Canfin,Ile de France,  Europe Ecology,The Greens–European Free Alliance,7,96711,France
7/14/09,7/14/14,Karima Delli,Ile de France,  Europe Ecology,The Greens–European Free Alliance,7,96868,France
7/14/09,7/14/14,Harlem Désir,Ile de France,  Socialist Party,Party of European Socialists ,7,4318,France
7/14/09,7/14/14,Pervenche Berès,Ile de France,  Socialist Party,Party of European Socialists ,7,1985,France
7/14/09,7/14/14,Marielle de Sarnez,Ile de France,  Democratic Movement,Alliance of Liberals and Democrats for Europe,7,4335,France
7/14/09,7/14/14,Patrick Le Hyaric,Ile de France,  Left Front (Communist Party),European United Left–Nordic Green Left,7,96735,France
7/14/09,7/14/14,Jean-Pierre Audy,Massif Central-Centre,  Union for a Popular Movement,European People's Party,7,33775,France
7/14/09,7/14/14,Sophie Briard-Auconie,Massif Central-Centre,  Union for a Popular Movement–New Centre,European People's Party,7,96862,France
7/14/09,3/23/11,Catherine Soullie,Massif Central-Centre,  Union for a Popular Movement,European People's Party,7,97294,France
3/24/11,7/14/14,Brice Hortefeux,Massif Central-Centre,  Union for a Popular Movement,European People's Party,7,5565,France
7/14/09,7/14/14,Henri Weber,Massif Central-Centre,  Socialist Party,Party of European Socialists ,7,2319,France
7/14/09,7/14/14,Jean-Paul Besset,Massif Central-Centre,  Europe Ecology,The Greens–European Free Alliance,7,96699,France
7/14/09,7/14/14,Dominique Riquet,North-West France,  Union for a Popular Movement–Radical,European People's Party,7,96885,France
7/14/09,7/14/14,Tokia Saïfi,North-West France,  Union for a Popular Movement–Radical,European People's Party,7,4345,France
7/14/09,7/14/14,Philippe Boulland,North-West France,  Union for a Popular Movement,European People's Party,7,105624,France
7/14/09,7/14/14,Jean-Paul Gauzès,North-West France,  Union for a Popular Movement,European People's Party,7,28193,France
7/14/09,7/14/14,Gilles Pargneaux,North-West France,  Socialist Party,Party of European Socialists ,7,96948,France
7/14/09,7/14/14,Estelle Grelier,North-West France,  Socialist Party,Party of European Socialists ,7,96953,France
7/14/09,7/14/14,Hélène Flautre,North-West France,  Europe Ecology (The Greens),The Greens–European Free Alliance,7,4385,France
7/14/09,7/14/14,Marine Le Pen,North-West France,  National Front,NI,7,28210,France
7/14/09,7/14/14,Corinne Lepage,North-West France,  Democratic Movement,Alliance of Liberals and Democrats for Europe,7,97076,France
7/14/09,7/14/14,Jacky Hénin,North-West France,  Left Front (Communist Party),European United Left–Nordic Green Left,7,28215,France
7/14/09,7/14/14,Françoise Grossetête,South-East France,  Union for a Popular Movement,European People's Party,7,2025,France
7/14/09,7/14/14,Damien Abad,South-East France,  Union for a Popular Movement–New Centre,European People's Party,7,96850,France
7/14/09,7/14/14,Dominique Vlasto,South-East France,  Union for a Popular Movement,European People's Party,7,5737,France
7/14/09,7/14/14,Gaston Franco,South-East France,  Union for a Popular Movement,European People's Party,7,96908,France
7/14/09,6/15/12,Michel Dantin,South-East France,  Union for a Popular Movement,European People's Party,7,97296,France
6/16/12,7/14/14,Nora Berra,South-East France,  Union for a Popular Movement,European People's Party,7,96947,France
7/14/09,7/14/14,Michèle Rivasi,South-East France,  Europe Ecology (The Greens),The Greens–European Free Alliance,7,96743,France
7/14/09,7/14/14,François Alfonsi,South-East France,  Party of the Corsican Nation,The Greens–European Free Alliance,7,96750,France
7/14/09,7/14/14,Malika Benarab-Attou,South-East France,  Europe Ecology,The Greens–European Free Alliance,7,96732,France
7/14/09,7/14/14,Vincent Peillon,South-East France,  Socialist Party,Party of European Socialists ,7,28166,France
7/14/09,7/14/14,Sylvie Guillaume,South-East France,  Socialist Party,Party of European Socialists ,7,96952,France
7/14/09,7/14/14,Jean-Marie Le Pen,South-East France,  National Front,NI,7,1023,France
7/14/09,7/14/14,Jean-Luc Bennahmias,South-East France,  Democratic Movement,Alliance of Liberals and Democrats for Europe,7,28214,France
7/14/09,7/14/14,Marie-Christine Vergiat,South-East France,  Left Front (Miscellaneous Left),European United Left–Nordic Green Left,7,96858,France
7/14/09,6/22/11,Dominique Baudis,South-West France,  Union for a Popular Movement,European People's Party,7,1759,France
6/23/11,7/14/14,Franck Proust,South-West France,  Union for a Popular Movement,European People's Party,7,108080,France
7/14/09,7/14/14,Christine de Veyrac,South-West France,  Union for a Popular Movement,European People's Party,7,4347,France
7/14/09,7/14/14,Alain Lamassoure,South-West France,  Union for a Popular Movement,European People's Party,7,1204,France
7/14/09,7/14/14,Marie-Thérèse Sanchez-Schmidt,South-West France,  Union for a Popular Movement–Radical,European People's Party,7,96746,France
7/14/09,7/14/14,Kader Arif,South-West France,  Socialist Party,Party of European Socialists ,7,28137,France
7/14/09,7/14/14,Françoise Castex,South-West France,  Socialist Party,Party of European Socialists ,7,28148,France
7/14/09,7/14/14,José Bové,South-West France,  Europe Ecology,The Greens–European Free Alliance,7,96744,France
7/14/09,7/14/14,Catherine Grèze,South-West France,  Europe Ecology,The Greens–European Free Alliance,7,96745,France
7/14/09,7/14/14,Robert Rochefort,South-West France,  Democratic Movement,Alliance of Liberals and Democrats for Europe,7,97022,France
7/14/09,7/14/14,Jean-Luc Mélenchon,South-West France,  Left Front (Left Party),European United Left–Nordic Green Left,7,96742,France
7/14/09,1/1/11,Christophe Béchu,West France,  Union for a Popular Movement,European People's Party,7,97002,France
1/2/11,7/14/14,Agnès Le Brun,West France,  Union for a Popular Movement,European People's Party,7,105849,France
7/14/09,7/14/14,Élisabeth Morin,West France,  Union for a Popular Movement,European People's Party,7,38596,France
7/14/09,7/14/14,Alain Cadec,West France,  Union for a Popular Movement,European People's Party,7,96849,France
7/14/09,7/14/14,Bernadette Vergnaud,West France,  Socialist Party,Party of European Socialists ,7,28177,France
7/14/09,7/14/14,Stéphane Le Foll,West France,  Socialist Party,Party of European Socialists ,7,28162,France
7/14/09,7/14/14,Yannick Jadot,West France,  Europe Ecology,The Greens–European Free Alliance,7,96740,France
7/14/09,7/14/14,Nicole Kiil-Nielsen,West France,  Europe Ecology,The Greens–European Free Alliance,7,96737,France
7/14/09,7/14/14,Philippe de Villiers,West France,  Libertas (MPF),EFD,7,2212,France
7/14/09,7/14/14,Sylvie Goulard,West France,  Democratic Movement,Alliance of Liberals and Democrats for Europe,7,97137,France
7/15/14,6/19/17,Marine Le Pen,North-West France,FN,Europe of Nations and Freedom,8,28210,France
6/20/17,7/1/19,Christelle Lechevalier,North-West France,FN,Europe of Nations and Freedom,8,188718,France
7/15/14,7/1/19,Steeve Briois,North-West France,FN,Europe of Nations and Freedom,8,124757,France
7/15/14,7/1/19,Mylène Troszczynski,North-West France,FN,Europe of Nations and Freedom,8,124758,France
7/15/14,7/1/19,Nicolas Bay,North-West France,FN,Europe of Nations and Freedom,8,124760,France
7/15/14,7/1/19,Sylvie Goddyn,North-West France,FN,Europe of Nations and Freedom,8,21331,France
7/15/14,7/1/19,Jérôme Lavrilleux,North-West France,UMP,European People's Party,8,124731,France
7/15/14,7/1/19,Tokia Saïfi,North-West France,UMP,European People's Party,8,4345,France
7/15/14,7/1/19,Gilles Pargneaux,North-West France,PS,Party of European Socialists ,8,96948,France
7/15/14,7/1/19,Dominique Riquet,North-West France,UDI,Alliance of Liberals and Democrats for Europe,8,96885,France
7/15/14,7/1/19,Karima Delli,North-West France,EELV,The Greens–European Free Alliance,8,96868,France
7/15/14,7/1/19,Alain Cadec,West France,UMP,European People's Party,8,96849,France
7/15/14,7/1/19,Élisabeth Morin-Chartier,West France,UMP,European People's Party,8,38596,France
7/15/14,7/1/19,Marc Joulaud,West France,UMP,European People's Party,8,124728,France
7/15/14,7/1/19,Gilles Lebreton,West France,SIEL,Non-Inscrits,8,124738,France
7/15/14,7/1/19,Joëlle Bergeron,West France,FN,Europe of Freedom and Direct Democracy,8,124740,France
7/15/14,7/1/19,Isabelle Thomas,West France,PS,Party of European Socialists ,8,114279,France
7/15/14,7/1/19,Emmanuel Maurel,West France,PS,Party of European Socialists ,8,24505,France
7/15/14,7/1/19,Jean Arthuis,West France,UDI,Alliance of Liberals and Democrats for Europe,8,124773,France
7/15/14,7/1/19,Yannick Jadot,West France,EELV,The Greens–European Free Alliance,8,96740,France
7/15/14,7/1/19,Florian Philippot,East France,FN,Europe of Nations and Freedom,8,110977,France
7/15/14,7/1/19,Sophie Montel,East France,FN,Europe of Nations and Freedom,8,124769,France
7/15/14,7/1/19,Jean-François Jalkh,East France,FN,Europe of Nations and Freedom,8,124770,France
7/15/14,7/1/19,Dominique Bilde,East France,FN,Europe of Nations and Freedom,8,124771,France
7/15/14,7/1/19,Nadine Morano,East France,UMP,European People's Party,8,72779,France
7/15/14,7/1/19,Arnaud Danjean,East France,UMP,European People's Party,8,96747,France
7/15/14,7/1/19,Anne Sander,East France,UMP,European People's Party,8,24594,France
7/15/14,7/1/19,Édouard Martin,East France,DVG,Party of European Socialists ,8,124947,France
7/15/14,7/1/19,Nathalie Griesbeck,East France,MoDem,Alliance of Liberals and Democrats for Europe,8,28208,France
7/15/14,7/1/19,Virginie Rozière,South-West France,PRG,Non-Inscrits,8,103845,France
7/15/14,7/1/19,Éric Andrieu,South-West France,PS,Party of European Socialists ,8,113892,France
7/15/14,7/1/19,Robert Rochefort,South-West France,MoDem,Parti démocrate européen,8,97022,France
7/15/14,7/1/19,Louis Aliot,South-West France,FN,Europe of Nations and Freedom,8,30190,France
7/15/14,7/1/19,France Jamet,South-West France,FN,Europe of Nations and Freedom,8,189065,France
7/15/14,7/1/19,Joëlle Mélin,South-West France,FN,Europe of Nations and Freedom,8,124765,France
7/15/14,2/1/18,Édouard Ferrand,South-West France,FN,Europe of Nations and Freedom,8,124767,France
2/2/18,7/1/19,Jacques Colombier,South-West France,FN,Europe of Nations and Freedom,8,191510,France
7/15/14,7/1/19,Michèle Alliot-Marie,South-West France,UMP,European People's Party,8,1179,France
7/15/14,7/1/19,Franck Proust,South-West France,UMP,European People's Party,8,108080,France
7/15/14,7/1/19,José Bové,South-West France,EELV,The Greens–European Free Alliance,8,96744,France
7/15/14,6/19/17,Jean-Luc Mélenchon,South-West France,FG (PG),Parti de la gauche européenne,8,96742,France
6/20/17,7/1/19,Marie-Pierre Vieu,South-West France,FG (PG),Parti de la gauche européenne,8,188721,France
7/15/14,7/1/19,Jean-Marie Le Pen,South-East France,FN,Europe of Nations and Freedom,8,1023,France
7/15/14,7/1/19,Marie-Christine Arnautu,South-East France,FN,Europe of Nations and Freedom,8,124748,France
7/15/14,7/1/19,Bruno Gollnisch,South-East France,FN,Europe of Nations and Freedom,8,1164,France
7/15/14,7/1/19,Mireille d'Ornano,South-East France,FN,Europe of Nations and Freedom,8,124750,France
7/15/14,7/1/19,Dominique Martin,South-East France,FN,Europe of Nations and Freedom,8,124751,France
7/15/14,7/1/19,Renaud Muselier,South-East France,UMP,European People's Party,8,124729,France
7/15/14,7/1/19,Françoise Grossetête,South-East France,UMP,European People's Party,8,2025,France
7/15/14,7/1/19,Michel Dantin,South-East France,UMP,European People's Party,8,97296,France
7/15/14,7/1/19,Vincent Peillon,South-East France,PS,Party of European Socialists ,8,28166,France
7/15/14,7/1/19,Sylvie Guillaume,South-East France,PS,Party of European Socialists ,8,96952,France
7/15/14,7/1/19,Michèle Rivasi,South-East France,EELV,The Greens–European Free Alliance,8,96743,France
7/15/14,5/17/18,Sylvie Goulard,South-East France,MoDem,Alliance of Liberals and Democrats for Europe,8,97137,France
5/18/18,7/1/19,Thierry Cornillet,South-East France,MoDem,Alliance of Liberals and Democrats for Europe,8,4338,France
7/15/14,7/1/19,Marie-Christine Vergiat,South-East France,PCF,European United Left–Nordic Green Left,8,96858,France
7/15/14,7/1/19,Bernard Monot,Massif-central–Central,FN,Non-Inscrits,8,124761,France
7/15/14,7/1/19,Philippe Loiseau,Massif-central–Central,FN,Non-Inscrits,8,125684,France
7/15/14,7/1/19,Brice Hortefeux,Massif-central–Central,UMP,European People's Party,8,5565,France
7/15/14,7/1/19,Angélique Delahaye,Massif-central–Central,UMP,European People's Party,8,124732,France
7/15/14,7/11/18,Jean-Paul Denanot,Massif-central–Central,PS,Party of European Socialists ,8,94282,France
7/12/18,7/1/19,Karine Gloanec Maurin,Massif-central–Central,PS,Party of European Socialists ,8,193080,France
7/15/14,7/1/19,Alain Lamassoure,Ile de France,UMP,European People's Party,8,1204,France
7/15/14,7/1/19,Rachida Dati,Ile de France,UMP,European People's Party,8,72775,France
7/15/14,7/1/19,Philippe Juvin,Ile de France,UMP,European People's Party,8,96884,France
7/15/14,11/30/17,Constance Le Grip,Ile de France,UMP,European People's Party,8,101580,France
11/30/17,7/1/19,Geoffroy Didier,Ile de France,UMP,European People's Party,8,190774,France
7/15/14,7/1/19,Aymeric Chauprade,Ile de France,FN,Non-Inscrits,8,124752,France
7/15/14,7/1/19,Marie-Christine Boutonnet,Ile de France,FN,Non-Inscrits,8,124753,France
7/15/14,7/1/19,Jean-Luc Schaffhauser,Ile de France,FN,Non-Inscrits,8,124755,France
7/15/14,7/1/19,Pervenche Berès,Ile de France,PS,Party of European Socialists ,8,1985,France
7/15/14,7/1/19,Guillaume Balas,Ile de France,PS,Party of European Socialists ,8,124744,France
7/15/14,7/1/19,Christine Revault d'Allonnes-Bonnefoy,Ile de France,PS,Party of European Socialists ,8,124287,France
7/15/14,5/17/18,Marielle de Sarnez,Ile de France,MoDem,Alliance of Liberals and Democrats for Europe,8,4335,France
5/18/18,7/1/19,Patricia Lalonde,Ile de France,MoDem,Alliance of Liberals and Democrats for Europe,8,188254,France
7/15/14,7/1/19,Jean-Marie Cavada,Ile de France,UDI,Alliance of Liberals and Democrats for Europe,8,28206,France
7/15/14,7/1/19,Pascal Durand,Ile de France,EELV,The Greens–European Free Alliance,8,124693,France
7/15/14,7/1/19,Eva Joly,Ile de France,EELV,The Greens–European Free Alliance,8,96883,France
7/15/14,7/1/19,Patrick Le Hyaric,Ile de France,PCF,European United Left–Nordic Green Left,8,96735,France
7/20/04,6/7/09,Jean Lambert,London,Green,European Green Party,,4531,United Kingdom
7/14/09,7/14/14,Jean Lambert,London,Green,European Green Party,,4531,United Kingdom
7/15/14,7/1/19,Jean Lambert,London,Green,European Green Party,,4531,United Kingdom
7/20/04,6/7/09,Gerard Batten,London,UKIP,Independence/Democracy,,28497,United Kingdom
7/14/09,7/14/14,Gerard Batten,London,UKIP,Europe of Nations and Freedom,,28497,United Kingdom
7/15/14,7/1/19,Gerard Batten,London,UKIP,Europe of Freedom and Direct Democracy,,28497,United Kingdom
7/20/04,6/7/09,Syed Kamall,London,Conservative,European Conservatives and Reformists Party,,33569,United Kingdom
7/14/09,7/14/14,Syed Kamall,London,Conservative,European Conservatives and Reformists Party,,33569,United Kingdom
7/15/14,7/1/19,Syed Kamall,London,Conservative,European Conservatives and Reformists Party,,33569,United Kingdom
7/20/04,6/7/09,Charles Tannock,London,Conservative,European Conservatives and Reformists Party,,4521,United Kingdom
7/14/09,7/14/14,Charles Tannock,London,Conservative,European Conservatives and Reformists Party,,4521,United Kingdom
7/15/14,7/1/19,Charles Tannock,London,Conservative,European Conservatives and Reformists Party,,4521,United Kingdom
7/20/04,6/7/09,John Bowis,London,Conservative,European Conservatives and Reformists Party,,4527,United Kingdom
7/14/09,7/14/14,Marina Yannakoudakis,London,Conservative,European Conservatives and Reformists Party,,96944,United Kingdom
7/15/14,7/1/19,Lucy Anderson,London,Labour,Party of European Socialists,,124949,United Kingdom
7/20/04,6/7/09,Mary Honeyball,London,Labour,Party of European Socialists,,5846,United Kingdom
7/14/09,7/14/14,Mary Honeyball,London,Labour,Party of European Socialists,,5846,United Kingdom
7/15/14,7/1/19,Mary Honeyball,London,Labour,Party of European Socialists,,5846,United Kingdom
7/20/04,6/7/09,Claude Moraes,London,Labour,Party of European Socialists,,4519,United Kingdom
7/14/09,7/14/14,Claude Moraes,London,Labour,Party of European Socialists,,4519,United Kingdom
7/15/14,7/1/19,Claude Moraes,London,Labour,Party of European Socialists,,4519,United Kingdom
7/20/04,6/7/09,Sarah Ludford,London,Liberal Democrat,Alliance of Liberals and Democrats for Europe Party,,4529,United Kingdom
7/14/09,7/14/14,Sarah Ludford,London,Liberal Democrat,Alliance of Liberals and Democrats for Europe Party,,4529,United Kingdom
7/15/14,7/1/19,Seb Dance,London,Labour,Party of European Socialists,,124952,United Kingdom
7/20/04,6/7/09,Robert Evans,London,Labour,Party of European Socialists,,2099,United Kingdom
7/20/04,6/7/09,Graham Booth,South-West England,UKIP,Independence/Democracy,,23286,United Kingdom
7/14/09,7/14/14,Trevor Colman,South-West England,UKIP,Europe of Nations and Freedom,,94283,United Kingdom
7/15/14,7/1/19,Julia Reid,South-West England,UKIP,Europe of Freedom and Direct Democracy,,106202,United Kingdom
7/20/04,6/7/09,Roger Knapman,South-West England,UKIP,Independence/Democracy,,28505,United Kingdom
7/14/09,7/14/14,William Legge,South-West England,UKIP,Europe of Nations and Freedom,,96958,United Kingdom
7/15/14,7/1/19,William Legge,South-West England,UKIP,Europe of Nations and Freedom,,96958,United Kingdom
7/20/04,6/7/09,Caroline Jackson,South-West England,Conservative,European Conservatives and Reformists Party,,1370,United Kingdom
7/14/09,7/14/14,Ashley Fox,South-West England,Conservative,European Conservatives and Reformists Party,,96957,United Kingdom
7/15/14,7/1/19,Ashley Fox,South-West England,Conservative,European Conservatives and Reformists Party,,96957,United Kingdom
7/20/04,6/7/09,Neil Parish,South-West England,Conservative,European Conservatives and Reformists Party,,4528,United Kingdom
7/14/09,7/14/14,Julie Girling,South-West England,Conservative,European Conservatives and Reformists Party,,96956,United Kingdom
7/15/14,7/1/19,Julie Girling,South-West England,Conservative,European Conservatives and Reformists Party,,96956,United Kingdom
7/20/04,6/7/09,Giles Chichester,South-West England,Conservative,European Conservatives and Reformists Party,,2097,United Kingdom
7/14/09,7/14/14,Giles Chichester,South-West England,Conservative,European Conservatives and Reformists Party,,2097,United Kingdom
7/15/14,7/1/19,Clare Moody,South-West England,Labour,Party of European Socialists,,124944,United Kingdom
7/20/04,6/7/09,Graham Watson,South-West England,Liberal Democrat,Alliance of Liberals and Democrats for Europe Party,,2155,United Kingdom
7/14/09,7/14/14,Graham Watson,South-West England,Liberal Democrat,Alliance of Liberals and Democrats for Europe Party,,2155,United Kingdom
7/15/14,7/1/19,Molly Scott Cato,South-West England,Green,European Green Party,,124942,United Kingdom
7/20/04,6/7/09,Glyn Ford,South-West England,Labour,Party of European Socialists,,1413,United Kingdom
7/20/04,6/7/09,Nigel Farage,South-East England,UKIP,Independence/Democracy,,4525,United Kingdom
7/14/09,7/14/14,Nigel Farage,South-East England,UKIP,Europe of Nations and Freedom,,4525,United Kingdom
7/15/14,7/1/19,Nigel Farage,South-East England,UKIP,Europe of Freedom and Direct Democracy,,4525,United Kingdom
7/20/04,6/7/09,Ashley Mote,South-East England,UKIP,Independence/Democracy,,28507,United Kingdom
7/14/09,7/14/14,Marta Andreasen,South-East England,UKIP,Europe of Nations and Freedom,,96954,United Kingdom
7/15/14,7/1/19,Ray Finch,South-East England,UKIP,Europe of Freedom and Direct Democracy,,124941,United Kingdom
7/20/04,6/7/09,James Elles,South-East England,Conservative,European Conservatives and Reformists Party,,1419,United Kingdom
7/14/09,7/14/14,James Elles,South-East England,Conservative,European Conservatives and Reformists Party,,1419,United Kingdom
7/15/14,7/1/19,Diane James,South-East England,UKIP,Europe of Freedom and Direct Democracy,,124939,United Kingdom
7/20/04,6/7/09,Nirj Deva,South-East England,Conservative,European Conservatives and Reformists Party,,4556,United Kingdom
7/14/09,7/14/14,Nirj Deva,South-East England,Conservative,European Conservatives and Reformists Party,,4556,United Kingdom
7/15/14,7/1/19,Nirj Deva,South-East England,Conservative,European Conservatives and Reformists Party,,4556,United Kingdom
7/20/04,6/7/09,Daniel Hannan,South-East England,Conservative,European Conservatives and Reformists Party,,4555,United Kingdom
7/14/09,7/14/14,Daniel Hannan,South-East England,Conservative,European Conservatives and Reformists Party,,4555,United Kingdom
7/15/14,7/1/19,Daniel Hannan,South-East England,Conservative,European Conservatives and Reformists Party,,4555,United Kingdom
7/20/04,6/7/09,Richard Ashworth,South-East England,Conservative,European Conservatives and Reformists Party,,28132,United Kingdom
7/14/09,7/14/14,Richard Ashworth,South-East England,Conservative,European Conservatives and Reformists Party,,28132,United Kingdom
7/15/14,7/1/19,Richard Ashworth,South-East England,Conservative,European Conservatives and Reformists Party,,28132,United Kingdom
7/20/04,5/12/05,Chris Huhne,South-East England,Liberal Democrat,Alliance of Liberals and Democrats for Europe Party,,4523,United Kingdom
5/12/05,6/7/09,Sharon Bowles,South-East England,Liberal Democrat,Alliance of Liberals and Democrats for Europe Party,,33570,United Kingdom
7/14/09,7/14/14,Sharon Bowles,South-East England,Liberal Democrat,Alliance of Liberals and Democrats for Europe Party,,33570,United Kingdom
7/15/14,7/1/19,Janice Atkinson,South-East England,UKIP,Europe of Freedom and Direct Democracy,,124938,United Kingdom
7/20/04,6/7/09,"Emma Nicholson, Baroness Nicholson of Winterbourne",South-East England,Liberal Democrat,Alliance of Liberals and Democrats for Europe Party,,4522,United Kingdom
7/14/09,7/14/14,Catherine Bearder,South-East England,Liberal Democrat,Alliance of Liberals and Democrats for Europe Party,,96955,United Kingdom
7/15/14,7/1/19,Catherine Bearder,South-East England,Liberal Democrat,Alliance of Liberals and Democrats for Europe Party,,96955,United Kingdom
7/20/04,6/7/09,Caroline Lucas,South-East England,Green,European Green Party,,4524,United Kingdom
6/8/09,5/6/10,Caroline Lucas,South-East England,Green,European Green Party,,4524,United Kingdom
5/7/10,7/14/14,Keith Taylor,South-East England,Green,European Green Party,,102931,United Kingdom
7/15/14,7/1/19,Keith Taylor,South-East England,Green,European Green Party,,102931,United Kingdom
7/20/04,6/7/09,Peter Skinner,South-East England,Labour,Party of European Socialists,,2081,United Kingdom
7/14/09,7/14/14,Peter Skinner,South-East England,Labour,Party of European Socialists,,2081,United Kingdom
7/15/14,7/1/19,Anneliese Dodds ,South-East England,Labour,Party of European Socialists,,124969,United Kingdom
7/20/04,6/7/09,Geoffrey Van Orden,East England,Conservative,European Conservatives and Reformists Party,,4513,United Kingdom
7/14/09,7/14/14,Geoffrey Van Orden,East England,Conservative,European Conservatives and Reformists Party,,4513,United Kingdom
7/15/14,7/1/19,Geoffrey Van Orden,East England,Conservative,European Conservatives and Reformists Party,,4513,United Kingdom
7/20/04,6/7/09,Christopher Beazley,East England,Conservative,European Conservatives and Reformists Party,,1429,United Kingdom
7/14/09,7/14/14,Vicky Ford,East England,Conservative,European Conservatives and Reformists Party,,96949,United Kingdom
7/15/14,6/12/17,Vicky Ford,East England,Conservative,European Conservatives and Reformists Party,,96949,United Kingdom
6/13/17,7/1/19,John Flack,East England,Conservative,European Conservatives and Reformists Party,,188623,United Kingdom
7/20/04,6/7/09,Tom Wise,East England,UKIP,Independence/Democracy,,28496,United Kingdom
7/14/09,7/14/14,David Campbell Bannerman,East England,UKIP,Europe of Nations and Freedom,,96912,United Kingdom
7/15/14,7/1/19,David Campbell Bannerman,East England,UKIP,Europe of Freedom and Direct Democracy,,96912,United Kingdom
7/20/04,6/7/09,Robert Sturdy,East England,Conservative,European Conservatives and Reformists Party,,2037,United Kingdom
7/14/09,7/14/14,Robert Sturdy,East England,Conservative,European Conservatives and Reformists Party,,2037,United Kingdom
7/15/14,7/1/19,Patrick O'Flynn,East England,UKIP,Europe of Freedom and Direct Democracy,,124940,United Kingdom
7/20/04,6/7/09,Jeffrey Titford,East England,UKIP,Independence/Democracy,,4515,United Kingdom
7/14/09,7/14/14,Stuart Agnew,East England,UKIP,Europe of Nations and Freedom,,96897,United Kingdom
7/15/14,7/1/19,Stuart Agnew,East England,UKIP,Europe of Freedom and Direct Democracy,,96897,United Kingdom
7/20/04,6/7/09,Andrew Duff,East England,Liberal Democrat,Alliance of Liberals and Democrats for Europe Party,,4514,United Kingdom
7/14/09,7/14/14,Andrew Duff,East England,Liberal Democrat,Alliance of Liberals and Democrats for Europe Party,,4514,United Kingdom
7/15/14,7/1/19,Tim Aker,East England,UKIP,Europe of Freedom and Direct Democracy,,99650,United Kingdom
7/20/04,6/7/09,Richard Howitt,East England,Labour,Party of European Socialists,,2073,United Kingdom
7/14/09,7/14/14,Richard Howitt,East England,Labour,Party of European Socialists,,2073,United Kingdom
7/15/14,11/2/16,Richard Howitt,East England,Labour,Party of European Socialists,,2073,United Kingdom
11/3/16,7/1/19,Alex Mayer,East England,Labour,Party of European Socialists,,185637,United Kingdom
7/20/04,6/7/09,Philip Bushill-Matthews,West Midlands,Conservative,European Conservatives and Reformists Party,,4535,United Kingdom
12/1/11,7/14/14,Anthea McIntyre,West Midlands,Conservative,European Conservatives and Reformists Party,,111011,United Kingdom
7/15/14,7/1/19,Anthea McIntyre,West Midlands,Conservative,European Conservatives and Reformists Party,,111011,United Kingdom
7/20/04,6/7/09,Philip Bradbourn,West Midlands,Conservative,European Conservatives and Reformists Party,,4540,United Kingdom
7/14/09,7/14/14,Philip Bradbourn,West Midlands,Conservative,European Conservatives and Reformists Party,,4540,United Kingdom
7/15/14,7/1/19,Daniel Dalton,West Midlands,Conservative,European Conservatives and Reformists Party,,35135,United Kingdom
7/20/04,6/7/09,Malcolm Harbour,West Midlands,Conservative,European Conservatives and Reformists Party,,4538,United Kingdom
7/14/09,7/14/14,Malcolm Harbour,West Midlands,Conservative,European Conservatives and Reformists Party,,4538,United Kingdom
7/15/14,7/1/19,Bill Etheridge,West Midlands,UKIP,Europe of Freedom and Direct Democracy,,124951,United Kingdom
7/20/04,6/7/09,Mike Nattrass,West Midlands,UKIP,Independence/Democracy,,28506,United Kingdom
7/14/09,7/14/14,Mike Nattrass,West Midlands,UKIP,Europe of Nations and Freedom,,28506,United Kingdom
7/15/14,7/1/19,Jill Seymour,West Midlands,UKIP,Europe of Freedom and Direct Democracy,,124950,United Kingdom
7/20/04,6/7/09,Liz Lynne,West Midlands,Liberal Democrat,Alliance of Liberals and Democrats for Europe Party,,4541,United Kingdom
7/14/09,3/12/12,Liz Lynne,West Midlands,Liberal Democrat,Alliance of Liberals and Democrats for Europe Party,,4541,United Kingdom
3/13/12,7/14/14,Phil Bennion,West Midlands,Liberal Democrat,Alliance of Liberals and Democrats for Europe Party,,112014,United Kingdom
7/15/14,7/1/19,James Carver,West Midlands,UKIP,Europe of Freedom and Direct Democracy,,124971,United Kingdom
7/20/04,6/7/09,Neena Gill,West Midlands,Labour,Party of European Socialists,,4533,United Kingdom
7/14/09,7/14/14,Nikki Sinclaire,West Midlands,UKIP,Europe of Nations and Freedom,,96960,United Kingdom
7/15/14,7/1/19,Neena Gill,West Midlands,Labour,Party of European Socialists,,4533,United Kingdom
7/20/04,6/7/09,Michael Cashman,West Midlands,Labour,Party of European Socialists,,4532,United Kingdom
7/14/09,7/14/14,Michael Cashman,West Midlands,Labour,Party of European Socialists,,4532,United Kingdom
7/15/14,7/1/19,Siôn Simon,West Midlands,Labour,Party of European Socialists,,124948,United Kingdom
7/20/04,6/7/09,Phillip Whitehead,East Midlands,Labour,Party of European Socialists,,2174,United Kingdom
7/14/09,7/14/14,Glenis Willmott,East Midlands,Labour,Party of European Socialists,,35743,United Kingdom
7/15/14,10/3/17,Glenis Willmott,East Midlands,Labour,Party of European Socialists,,35743,United Kingdom
10/4/17,7/1/19,Rory Palmer,East Midlands,Labour,Party of European Socialists,,190099,United Kingdom
7/20/04,6/7/09,Derek Clark,East Midlands,UKIP,Independence/Democracy,,28493,United Kingdom
7/14/09,7/14/14,Derek Clark,East Midlands,UKIP,Europe of Nations and Freedom,,28493,United Kingdom
7/15/14,7/1/19,Margot Parker,East Midlands,UKIP,Europe of Freedom and Direct Democracy,,124945,United Kingdom
7/20/04,6/7/09,Roger Helmer,East Midlands,Conservative,European Conservatives and Reformists Party,,4516,United Kingdom
7/14/09,7/14/14,Roger Helmer,East Midlands,Conservative,European Conservatives and Reformists Party,,4516,United Kingdom
7/15/14,7/28/17,Roger Helmer,East Midlands,Conservative,European Conservatives and Reformists Party,,4516,United Kingdom
7/29/17,7/1/19,Jonathan Bullock,East Midlands,UKIP,European Conservatives and Reformists Party,,188733,United Kingdom
7/20/04,6/7/09,Chris Heaton-Harris,East Midlands,Conservative,European Conservatives and Reformists Party,,4517,United Kingdom
7/14/09,7/14/14,Emma McClarkin,East Midlands,Conservative,European Conservatives and Reformists Party,,96919,United Kingdom
7/15/14,7/1/19,Emma McClarkin,East Midlands,Conservative,European Conservatives and Reformists Party,,96919,United Kingdom
7/20/04,6/7/09,Bill Newton Dunn,East Midlands,Liberal Democrat,Alliance of Liberals and Democrats for Europe Party,,1394,United Kingdom
7/14/09,7/14/14,Bill Newton Dunn,East Midlands,Liberal Democrat,Alliance of Liberals and Democrats for Europe Party,,1394,United Kingdom
7/15/14,6/8/17,Andrew Lewer,East Midlands,Conservative,European Conservatives and Reformists Party,,124943,United Kingdom
6/8/17,7/1/19,Rupert Matthews,East Midlands,Conservative,European Conservatives and Reformists Party,,188622,United Kingdom
7/20/04,6/7/09,Robert Kilroy-Silk,East Midlands,UKIP,Independence/Democracy,,28492,United Kingdom
7/20/04,6/7/09,John Whittaker,North West England,UKIP,Independence/Democracy,,28509,United Kingdom
7/14/09,7/14/14,Paul Nuttall,North West England,UKIP,Europe of Nations and Freedom,,96805,United Kingdom
7/15/14,7/1/19,Paul Nuttall,North West England,UKIP,Europe of Freedom and Direct Democracy,,96805,United Kingdom
7/20/04,6/7/09,Den Dover,North West England,Conservative,European Conservatives and Reformists Party,,4552,United Kingdom
7/14/09,7/14/14,Nick Griffin,North West England,BNP,European Conservatives and Reformists Party,,96751,United Kingdom
7/15/14,7/1/19,Louise Bours,North West England,UKIP,Europe of Freedom and Direct Democracy,,124964,United Kingdom
7/20/04,6/7/09,Sir Robert Atkins,North West England,Conservative,European Conservatives and Reformists Party,,4537,United Kingdom
7/14/09,7/14/14,Sir Robert Atkins,North West England,Conservative,European Conservatives and Reformists Party,,4537,United Kingdom
7/15/14,7/1/19,Steven Woolfe,North West England,UKIP,Europe of Freedom and Direct Democracy,,124966,United Kingdom
7/20/04,6/7/09,David Sumberg,North West England,Conservative,European Conservatives and Reformists Party,,4539,United Kingdom
7/14/09,7/14/14,Jacqueline Foster,North West England,Conservative,European Conservatives and Reformists Party,,4553,United Kingdom
7/15/14,7/1/19,Jacqueline Foster,North West England,Conservative,European Conservatives and Reformists Party,,4553,United Kingdom
7/20/04,11/26/07,Saj Karim,North West England,Liberal Democrat,Alliance of Liberals and Democrats for Europe Party,,28481,United Kingdom
11/26/07,6/7/09,Saj Karim,North West England,Conservative,European Conservatives and Reformists Party,,28481,United Kingdom
7/14/09,7/14/14,Saj Karim,North West England,Conservative,European Conservatives and Reformists Party,,28481,United Kingdom
7/15/14,7/1/19,Saj Karim,North West England,Conservative,European Conservatives and Reformists Party,,28481,United Kingdom
7/20/04,6/7/09,Chris Davies,North West England,Liberal Democrat,Alliance of Liberals and Democrats for Europe Party,,4554,United Kingdom
7/15/14,6/8/17,M. Afzal Khan,North West England,Labour,Party of European Socialists,,124962,United Kingdom
6/8/17,7/1/19,Wajid Khan,North West England,Labour,Party of European Socialists,,188624,United Kingdom
7/20/04,9/1/06,Terry Wynn,North West England,Labour,Party of European Socialists,,1295,United Kingdom
9/1/06,6/7/09,Brian Simpson,North West England,Labour,Party of European Socialists,,1309,United Kingdom
7/14/09,7/14/14,Brian Simpson,North West England,Labour,Party of European Socialists,,1309,United Kingdom
7/15/14,7/1/19,Julie Ward,North West England,Labour,Party of European Socialists,,124963,United Kingdom
7/20/04,6/7/09,Arlene McCarthy,North West England,Labour,Party of European Socialists,,2173,United Kingdom
7/14/09,7/14/14,Arlene McCarthy,North West England,Labour,Party of European Socialists,,2173,United Kingdom
7/15/14,7/1/19,Arlene McCarthy,North West England,Labour,Party of European Socialists,,2173,United Kingdom
7/15/14,7/1/19,Theresa Griffin,North West England,Labour,Party of European Socialists,,124961,United Kingdom
7/20/04,6/7/09,Gary Titley,North West England,Labour,Party of European Socialists,,1311,United Kingdom
7/20/04,6/7/09,Martin Callanan,North East England,Conservative,European Conservatives and Reformists Party,,4536,United Kingdom
7/14/09,7/14/14,Martin Callanan,North East England,Conservative,European Conservatives and Reformists Party,,4536,United Kingdom
7/15/14,7/1/19,Jonathan Arnott,North East England,UKIP,Europe of Freedom and Direct Democracy,,124958,United Kingdom
7/20/04,6/7/09,Fiona Hall,North East England,Liberal Democrat,Alliance of Liberals and Democrats for Europe Party,,28477,United Kingdom
7/14/09,7/14/14,Fiona Hall,North East England,Liberal Democrat,Alliance of Liberals and Democrats for Europe Party,,28477,United Kingdom
7/15/14,7/1/19,Paul Brannen,North East England,Labour,Party of European Socialists,,124954,United Kingdom
7/20/04,6/7/09,Stephen Hughes,North East England,Labour,Party of European Socialists,,1407,United Kingdom
7/14/09,7/14/14,Stephen Hughes,North East England,Labour,Party of European Socialists,,1407,United Kingdom
7/15/14,7/1/19,Judith Kirton-Darling,North East England,Labour,Party of European Socialists,,124953,United Kingdom
7/20/04,6/7/09,Diana Wallis,Yorkshire and the Humber,Liberal Democrat,Alliance of Liberals and Democrats for Europe Party,,4544,United Kingdom
7/14/09,3/8/12,Diana Wallis,Yorkshire and the Humber,Liberal Democrat,Alliance of Liberals and Democrats for Europe Party,,4544,United Kingdom
3/8/12,7/14/14,Rebecca Taylor,Yorkshire and the Humber,Liberal Democrat,Alliance of Liberals and Democrats for Europe Party,,112620,United Kingdom
7/15/14,7/1/19,Mike Hookem,Yorkshire and the Humber,UKIP,Europe of Freedom and Direct Democracy,,124957,United Kingdom
7/20/04,6/7/09,Edward McMillan-Scott,Yorkshire and the Humber,Conservative,European Conservatives and Reformists Party,,1405,United Kingdom
7/14/09,1/3/10,Edward McMillan-Scott,Yorkshire and the Humber,Conservative,European Conservatives and Reformists Party,,1405,United Kingdom
1/3/10,7/14/14,Edward McMillan-Scott,Yorkshire and the Humber,Liberal Democrat,Alliance of Liberals and Democrats for Europe Party,,1405,United Kingdom
7/15/14,7/1/19,Jane Collins,Yorkshire and the Humber,UKIP,Europe of Freedom and Direct Democracy,,124955,United Kingdom
7/20/04,6/7/09,Godfrey Bloom,Yorkshire and the Humber,UKIP,Europe of Freedom and Direct Democracy,,28513,United Kingdom
7/14/09,7/14/14,Godfrey Bloom,Yorkshire and the Humber,Independent,Europe of Freedom and Direct Democracy,,28513,United Kingdom
7/15/14,1/24/15,Amjad Bashir,Yorkshire and the Humber,UKIP,Europe of Freedom and Direct Democracy,,124956,United Kingdom
1/24/15,7/1/19,Amjad Bashir,Yorkshire and the Humber,Conservative,European Conservatives and Reformists Party,,124956,United Kingdom
7/20/04,6/7/09,Timothy Kirkhope,Yorkshire and the Humber,Conservative,European Conservatives and Reformists Party,,4542,United Kingdom
7/14/09,7/14/14,Timothy Kirkhope,Yorkshire and the Humber,Conservative,European Conservatives and Reformists Party,,4542,United Kingdom
7/15/14,9/1/16,Timothy Kirkhope,Yorkshire and the Humber,Conservative,European Conservatives and Reformists Party,,4542,United Kingdom
9/1/16,7/1/19,John Procter,Yorkshire and the Humber,Conservative,European Conservatives and Reformists Party,,185628,United Kingdom
7/20/04,6/7/09,Richard Corbett,Yorkshire and the Humber,Labour,Party of European Socialists,,2309,United Kingdom
7/14/09,7/14/14,Andrew Brons,Yorkshire and the Humber,British National Party,Alliance of European National Movements,,96749,United Kingdom
7/15/14,7/1/19,Richard Corbett,Yorkshire and the Humber,Labour,Party of European Socialists,,2309,United Kingdom
7/20/04,6/7/09,Linda McAvan,Yorkshire and the Humber,Labour,Party of European Socialists,,2327,United Kingdom
7/14/09,7/14/14,Linda McAvan,Yorkshire and the Humber,Labour,Party of European Socialists,,2327,United Kingdom
7/15/14,7/1/19,Linda McAvan,Yorkshire and the Humber,Labour,Party of European Socialists,,2327,United Kingdom
7/20/04,6/7/09,Jonathan Evans,Wales,Conservative,European Conservatives and Reformists Party,,4549,United Kingdom
7/14/09,7/14/14,Kay Swinburne,Wales,Conservative,European Conservatives and Reformists Party,,96920,United Kingdom
7/15/14,7/1/19,Kay Swinburne,Wales,Conservative,European Conservatives and Reformists Party,,96920,United Kingdom
7/20/04,6/7/09,Eluned Morgan,Wales,Labour,Party of European Socialists,,2171,United Kingdom
7/14/09,7/14/14,John Bufton,Wales,UKIP,Europe of Freedom and Democracy,,96798,United Kingdom
7/15/14,7/1/19,Nathan Gill,Wales,UKIP,Europe of Freedom and Direct Democracy,,124965,United Kingdom
7/20/04,6/7/09,Glenys Kinnock,Wales,Labour,Party of European Socialists,,2123,United Kingdom
7/14/09,7/14/14,Derek Vaughan,Wales,Labour,Party of European Socialists,,96918,United Kingdom
7/15/14,7/1/19,Derek Vaughan,Wales,Labour,Party of European Socialists,,96918,United Kingdom
7/20/04,6/7/09,Jill Evans,Wales,Green,European Green Party,,4550,United Kingdom
7/14/09,7/14/14,Jill Evans,Wales,Green,European Green Party,,4550,United Kingdom
7/15/14,7/1/19,Jill Evans,Wales,Green,European Green Party,,4550,United Kingdom
7/20/04,6/7/09,Struan Stevenson,Scotland,Conservative,European Conservatives and Reformists Party,,4546,United Kingdom
7/14/09,7/14/14,Struan Stevenson,Scotland,Conservative,European Conservatives and Reformists Party,,4546,United Kingdom
7/15/14,6/22/17,Ian Duncan,Scotland,Conservative,European Conservatives and Reformists Party,,124960,United Kingdom
6/23/17,7/1/19,Nosheena Mobarik,Scotland,Conservative,European Conservatives and Reformists Party,,189391,United Kingdom
7/20/04,6/7/09,Elspeth Attwooll,Scotland,Liberal Democrat,Alliance of Liberals and Democrats for Europe Party,,4547,United Kingdom
7/14/09,7/14/14,George Lyon,Scotland,Liberal Democrat,Alliance of Liberals and Democrats for Europe Party,,96959,United Kingdom
7/15/14,7/1/19,David Coburn,Scotland,UKIP,Europe of Freedom and Direct Democracy,,124967,United Kingdom
7/20/04,6/7/09,Alyn Smith,Scotland,SNP,European Free Alliance,,28508,United Kingdom
7/14/09,7/14/14,Alyn Smith,Scotland,SNP,European Free Alliance,,28508,United Kingdom
7/15/14,7/1/19,Alyn Smith,Scotland,SNP,European Free Alliance,,28508,United Kingdom
7/20/04,6/7/09,Ian Hudghton,Scotland,SNP,European Free Alliance,,2338,United Kingdom
7/14/09,7/14/14,Ian Hudghton,Scotland,SNP,European Free Alliance,,2338,United Kingdom
7/15/14,7/1/19,Ian Hudghton,Scotland,SNP,European Free Alliance,,2338,United Kingdom
7/20/04,6/7/09,David Martin,Scotland,Labour,Party of European Socialists,,1403,United Kingdom
7/14/09,7/14/14,David Martin,Scotland,Labour,Party of European Socialists,,1403,United Kingdom
7/15/14,7/1/19,David Martin,Scotland,Labour,Party of European Socialists,,1403,United Kingdom
7/20/04,6/7/09,Catherine Stihler,Scotland,Labour,Party of European Socialists,,4545,United Kingdom
7/14/09,7/14/14,Catherine Stihler,Scotland,Labour,Party of European Socialists,,4545,United Kingdom
7/15/14,7/1/19,Catherine Stihler,Scotland,Labour,Party of European Socialists,,4545,United Kingdom
7/20/04,6/7/09,John Purvis,Scotland,Conservative,European Conservatives and Reformists Party,,729,United Kingdom
7/20/04,6/7/09,Jim Allister,Northern Ireland,Traditional Unionist Voice,Non-Inscrits,,28512,United Kingdom
7/14/09,7/14/14,Diane Dodds,Northern Ireland,Democratic Unionist,Non-Inscrits,,96951,United Kingdom
7/15/14,7/1/19,Diane Dodds,Northern Ireland,Democratic Unionist,Non-Inscrits,,96951,United Kingdom
7/20/04,6/7/09,Bairbre de Brún,Northern Ireland,Sinn Féin,Non-Inscrits,,28511,United Kingdom
7/14/09,7/14/14,Martina Anderson,Northern Ireland,Sinn Féin,Non-Inscrits,,113959,United Kingdom
7/15/14,7/1/19,Martina Anderson,Northern Ireland,Sinn Féin,Non-Inscrits,,113959,United Kingdom
7/20/04,6/7/09,Jim Nicholson,Northern Ireland,Conservatives and Unionists,Alliance of Conservatives and Reformists in Europe,,1318,United Kingdom
7/14/09,7/14/14,Jim Nicholson,Northern Ireland,Conservatives and Unionists,Alliance of Conservatives and Reformists in Europe,,1318,United Kingdom
7/15/14,7/1/19,Jim Nicholson,Northern Ireland,Conservatives and Unionists,Alliance of Conservatives and Reformists in Europe,,1318,United Kingdom
7/20/04,6/7/09,Agnoletto Vittorio,North-West Italy,  Communist Refoundation Party,European United Left–Nordic Green Left,,28975,Italy
7/20/04,6/7/09,Albertini Gabriele,North-West Italy,  Forward Italy,European People's Party,,28367,Italy
7/20/04,6/7/09,Bonsignore Vito,North-West Italy,  Union of Christian and Central Democrats,European People's Party,,29074,Italy
7/20/04,6/7/09,Chiesa Giulietto,North-West Italy,  Italy of Values,Alliance of Liberals and Democrats for Europe,,28973,Italy
7/20/04,6/7/09,Fatuzzo Carlo,North-West Italy,  Pensioners' Party,European People's Party,,4413,Italy
7/20/04,6/7/09,Ferrari Francesco,North-West Italy,  Uniti nell'Ulivo (until 6 February 2008),Alliance of Liberals and Democrats for Europe,,38849,Italy
7/20/04,6/7/09,Frassoni Monica,North-West Italy,  Federation of the Greens,The Greens–European Free Alliance,,4254,Italy
7/20/04,6/7/09,Gawronski Jas,North-West Italy,  Forward Italy,European People's Party,,1113,Italy
7/20/04,6/7/09,Locatelli Pia Elda,North-West Italy,  Uniti nell'Ulivo (until 17 February 2005),Party of European Socialists,,28976,Italy
7/20/04,6/7/09,Mantovani Mario,North-West Italy,  Forward Italy,European People's Party,,4395,Italy
7/20/04,6/7/09,Mauro Mario,North-West Italy,  Forward Italy,European People's Party,,4393,Italy
7/20/04,6/7/09,Pannella Marco,North-West Italy,  Bonino List,Alliance of Liberals and Democrats for Europe,,1002,Italy
7/20/04,6/7/09,Panzeri Pier Antonio,North-West Italy,  Uniti nell'Ulivo (until 14 February 2005),Party of European Socialists,,28365,Italy
7/20/04,6/7/09,Podestà Guido,North-West Italy,  Forward Italy,European People's Party,,2046,Italy
7/20/04,6/7/09,Rizzo Marco,North-West Italy,  Party of Communists,European United Left–Nordic Green Left,,28410,Italy
7/20/04,6/7/09,Rivera Giovanni,North-West Italy,  Uniti nell'Ulivo (until 14 February 2008),Non-Inscrits,,33611,Italy
7/20/04,6/7/09,Susta Gianluca,North-West Italy,  Democratic Party,Alliance of Liberals and Democrats for Europe,,36396,Italy
7/20/04,6/7/09,Toia Patrizia,North-West Italy,  The Daisy (until 6 February 2008),Alliance of Liberals and Democrats for Europe,,28340,Italy
7/20/04,6/7/09,Berlinguer Giovanni,North-East Italy,  Democrats of the Left (until 18 February 2008),Party of European Socialists,,28369,Italy
7/20/04,4/26/06,Borghezio Mario,North-West Italy,  North League,Independence/Democracy,,21817,Italy
4/26/06,12/12/06,Borghezio Mario,North-West Italy,  North League,Non-Inscrits,,21817,Italy
12/12/06,6/7/09,Borghezio Mario,North-West Italy,  North League,Union for Europe of the Nations,,21817,Italy
7/20/04,4/26/06,Speroni Francesco,North-West Italy,  North League,Independence/Democracy,,997,Italy
4/26/06,12/12/06,Speroni Francesco,North-West Italy,  North League,Non-Inscrits,,997,Italy
12/13/06,6/7/09,Speroni Francesco,North-West Italy,  North League,Union for Europe of the Nations,,997,Italy
7/20/04,6/7/09,Muscardini Cristina,North-West Italy,  National Alliance,Union for Europe of the Nations,,1073,Italy
7/20/04,11/3/08,La Russa Romano Maria,North-West Italy,  National Alliance,Union for Europe of the Nations,,28416,Italy
7/20/04,6/7/09,Berlato Sergio,North-East Italy,  National Alliance,Union for Europe of the Nations,,4746,Italy
7/20/04,4/26/06,Bossi Umberto,North-East Italy,  North League (until 25 June 2008),Independence/Democracy,,2036,Italy
7/20/04,12/12/06,Robusti Giovanni,North-East Italy,  Independent,Non-Inscrits,,58757,Italy
12/13/06,6/7/09,Robusti Giovanni,North-East Italy,  Independent,Union for Europe of the Nations,,58757,Italy
7/20/04,4/26/06,Salvini Matteo,North-East Italy,  North League,Independence/Democracy,,28404,Italy
4/26/06,12/12/06,Gobbo Gian Paolo,North-East Italy,  North League,Non-Inscrits,,4741,Italy
12/12/06,6/7/09,Boso Erminio,North-East Italy,  North League,Union for Europe of the Nations,,72753,Italy
7/20/04,6/7/09,Braghetto Iles,North-East Italy,  Union of Christian and Central Democrats,European People's Party,,34174,Italy
7/20/04,6/7/09,Brunetta Renato,North-East Italy,  Forward Italy,European People's Party,,4422,Italy
7/20/04,5/8/06,Cappato Marco,North-East Italy,  Bonino List,Alliance of Liberals and Democrats for Europe,,4740,Italy
7/20/04,6/7/09,Carollo Giorgio,North-East Italy,  Forward Italy,European People's Party,,28415,Italy
7/20/04,6/7/09,Costa Paolo,North-East Italy,  Uniti nell'Ulivo (until 17 February 2005),Alliance of Liberals and Democrats for Europe,,4747,Italy
7/20/04,6/7/09,Ebner Michl,North-East Italy,  People's Party (South Tyrol),European People's Party,,2075,Italy
7/20/04,6/7/09,Gottardi Donata,North-East Italy,  Uniti nell'Ulivo (until 30 May 2006),Party of European Socialists,,36395,Italy
7/20/04,6/7/09,Kusstatscher Sepp,North-East Italy,  Federation of the Greens,The Greens–European Free Alliance,,28418,Italy
7/20/04,6/7/09,Musacchio Roberto,North-East Italy,  Communist Refoundation Party,European United Left–Nordic Green Left,,28977,Italy
7/20/04,6/7/09,Prodi Vittorio,North-East Italy,  Uniti nell'Ulivo (until 17 February 2005),Alliance of Liberals and Democrats for Europe,,28370,Italy
7/20/04,6/7/09,Sartori Amalia,North-East Italy,  Forward Italy,European People's Party,,4423,Italy
7/20/04,6/7/09,Zani Mauro,North-East Italy,  Uniti nell'Ulivo (until 27 July 2004),Party of European Socialists,,28414,Italy
7/20/04,6/7/09,Alfredo ANTONIOZZI,Central Italy,  Forward Italy,European People's Party,,28422,Italy
7/20/04,10/20/07,Alessandro Battilocchio,Central Italy,  New Socialist Party (until 18 February 2008),Non-Inscrits,,28427,Italy
10/20/07,6/7/09,Alessandro Battilocchio,Central Italy,  Socialist Party,Party of European Socialists,,28427,Italy
7/20/04,6/7/09,Casini Carlo,Central Italy,  Union of Christian and Central Democrats,European People's Party,,988,Italy
7/20/04,6/7/09,Gruber Lilli,Central Italy,  Independent (until 18 February 2008),Party of European Socialists,,28368,Italy
7/20/04,6/7/09,Guidoni Umberto,Central Italy,  Party of Communists,European United Left–Nordic Green Left,,28974,Italy
7/20/04,6/7/09,Luisa MORGANTINI,Central Italy,  Communist Refoundation Party,European United Left–Nordic Green Left,,4453,Italy
7/20/04,4/28/08,Mussolini Alessandra,Central Italy,  Social Alternative (until 15 April 2009),Non-Inscrits,,28429,Italy
7/20/04,11/13/07,Roberto Fiore,Central Italy,  New Force,"Identity, Tradition, Sovereignty",,41004,Italy
11/14/07,6/7/09,Roberto Fiore,Central Italy,  New Force,Non-Inscrits,,41004,Italy
7/20/04,6/7/09,Napoletano Pasqualina,Central Italy,  Democrats of the Left (until 18 February 2008),Party of European Socialists,,1065,Italy
7/20/04,6/7/09,Pistelli Lapo,Central Italy,  The Daisy (until 6 February 2008),Alliance of Liberals and Democrats for Europe,,28420,Italy
7/20/04,6/7/09,Sacconi Guido,Central Italy,  Uniti nell'Ulivo (until 28 July 2004),Party of European Socialists,,4425,Italy
7/20/04,6/7/09,Sbarbati Luciana,Central Italy,  Uniti nell'Ulivo (until 17 February 2005),Alliance of Liberals and Democrats for Europe,,4428,Italy
7/20/04,6/7/09,Tajani Antonio,Central Italy,  Forward Italy,European People's Party,,2187,Italy
7/20/04,6/7/09,Zappalà Stefano,Central Italy,  Forward Italy,European People's Party,,4433,Italy
7/20/04,6/7/09,Zingaretti Nicola,Central Italy,  Democrats of the Left (until 18 February 2008),Party of European Socialists,,28419,Italy
7/20/04,6/7/09,Aita Vincenzo,Southern Italy,  Communist Refoundation Party,European United Left–Nordic Green Left,,36583,Italy
7/20/04,6/7/09,Andria Alfonso,Southern Italy,  Uniti nell'Ulivo (until 17 February 2005),Alliance of Liberals and Democrats for Europe,,28363,Italy
7/20/04,10/23/07,De Michelis Gianni,Southern Italy,  New Socialist Party (until 18 February 2008),Non-Inscrits,,28452,Italy
10/23/07,6/7/09,De Michelis Gianni,Southern Italy,  Socialist Party,Party of European Socialists,,28452,Italy
7/20/04,6/7/09,Gargani Giuseppe,Southern Italy,  Forward Italy,European People's Party,,4562,Italy
7/20/04,6/7/09,Lavarra Vincenzo,Southern Italy,  Democratic Party,Party of European Socialists,,4455,Italy
7/20/04,6/7/09,Losco Andrea,Southern Italy,  Democratic Party,Alliance of Liberals and Democrats for Europe,,36393,Italy
7/20/04,3/28/07,Occhetto Achille,Southern Italy,  Italy of Values (until 17 May 2006),Party of European Socialists,,1094,Italy
3/28/07,6/7/09,Occhetto Achille,Southern Italy,  Independent (until 28 March 2007),Party of European Socialists,,1094,Italy
7/20/04,6/7/09,Patriciello Aldo,Southern Italy,  Union of Christian and Central Democrats,European People's Party,,36392,Italy
7/20/04,6/7/09,Pittella Giovanni,Southern Italy,  Uniti nell'Ulivo (until 17 February 2005),Party of European Socialists,,4436,Italy
7/20/04,6/7/09,Foglietta Alessandro,Central Italy,  National Alliance,Union for Europe of the Nations,,28425,Italy
7/20/04,6/7/09,Pirilli Umberto,Southern Italy,  National Alliance,Union for Europe of the Nations,,29073,Italy
7/20/04,6/7/09,Angelilli Roberta,Central Italy,  National Alliance,Union for Europe of the Nations,,1941,Italy
7/20/04,6/7/09,Poli Bortone Adriana,Southern Italy,  National Alliance,Union for Europe of the Nations,,4467,Italy
7/20/04,6/7/09,Tatarella Salvatore,Southern Italy,  National Alliance,Union for Europe of the Nations,,1945,Italy
7/20/04,6/7/09,Musumeci Nello,Islands Italy,  The Right - Sicilian Alliance,Union for Europe of the Nations,,1944,Italy
7/20/04,1/14/07,Romagnoli Luca,Southern Italy,  Tricolour Flame,Non-Inscrits,,28457,Italy
1/14/07,11/13/07,Romagnoli Luca,Southern Italy,  Tricolour Flame,"Identity, Tradition, Sovereignty",,28457,Italy
11/13/07,6/7/09,Romagnoli Luca,Southern Italy,  Tricolour Flame,Non-Inscrits,,28457,Italy
7/20/04,6/7/09,Ventre Riccardo,Southern Italy,  Forward Italy,European People's Party,,28437,Italy
7/20/04,7/1/05,Veneto Armando,Southern Italy,  Popular Alliance - Union of Democrats for Europe (31 August 2008),European People's Party,,36390,Italy
7/20/04,6/7/09,Veraldi Donato Tommaso,Southern Italy,  Uniti nell'Ulivo (until 14 May 2006),Alliance of Liberals and Democrats for Europe,,36394,Italy
7/20/04,6/7/09,Vernola Marcello,Southern Italy,  Forward Italy,European People's Party,,28439,Italy
7/20/04,6/7/09,Castiglione Giuseppe,Islands Italy,  Forward Italy,European People's Party,,28459,Italy
7/20/04,6/7/09,Catania Giusto,Islands Italy,  Communist Refoundation Party,European United Left–Nordic Green Left,,28979,Italy
7/20/04,6/7/09,Cocilovo Luigi,Islands Italy,  Democratic Party,Alliance of Liberals and Democrats for Europe,,4470,Italy
7/20/04,6/7/09,Fava Claudio,Islands Italy,  Democrats of the Left (until 18 February 2008),Party of European Socialists,,4469,Italy
7/20/04,6/7/09,Lombardo Raffaele,Islands Italy,  Movement for Autonomy,European People's Party,,4472,Italy
7/20/04,6/7/09,Musotto Francesco,Islands Italy,  Forward Italy,European People's Party,,4471,Italy
7/14/09,7/6/05,Gabriele Albertini,North-West Italy,Le Peuple de la liberté,European People's Party,,28367,Italy
7/14/09,7/14/14,Sonia Alfano,North-West Italy,Italie des valeurs,Alliance of Liberals and Democrats for Europe,,97086,Italy
7/14/09,7/14/14,Magdi Allam,North-West Italy,"""Io amo l'Italia""",European People's Party,,96992,Italy
7/14/09,7/14/14,Roberta Angelilli,Central Italy,Le Peuple de la liberté,European People's Party,,1941,Italy
7/14/09,7/14/14,Alfredo Antoniozzi,Central Italy,Le Peuple de la liberté,European People's Party,,28422,Italy
7/14/09,7/14/14,Pino Arlacchi,Southern Italy,Italie des valeurs,Alliance of Liberals and Democrats for Europe,,97228,Italy
7/14/09,7/14/14,Raffaele Baldassarre,Southern Italy,Le Peuple de la liberté,European People's Party,,96757,Italy
7/14/09,7/14/14,Francesca Balzani,North-West Italy,Parti démocrate,Party of European Socialists ,,96979,Italy
7/14/09,7/14/14,Rosario Crocetta,Islands Italy,Parti démocrate,Party of European Socialists ,,96886,Italy
7/15/14,12/17/14,Rosario Crocetta,Islands Italy,Parti démocrate,Party of European Socialists ,,96886,Italy
12/18/14,3/11/14,Francesca Barracciu,Islands Italy,Parti démocrate,Party of European Socialists ,,116823,Italy
3/11/14,7/14/14,Giovanni Barbagallo,Islands Italy,Parti démocrate,Party of European Socialists ,,123792,Italy
7/14/09,7/14/14,Paolo Bartolozzi,Central Italy,Le Peuple de la liberté,European People's Party,,21818,Italy
7/14/09,7/14/14,Sergio Berlato,North-East Italy,Le Peuple de la liberté,European People's Party,,4746,Italy
7/14/09,7/14/14,Luigi Berlinguer,North-East Italy,Parti démocrate,Party of European Socialists ,,97156,Italy
7/14/09,7/14/14,Mara Bizzotto,North-East Italy,Ligue du Nord,Europe of Freedom and Democracy,,97198,Italy
7/14/09,7/14/14,Vito Bonsignore,North-West Italy,Le Peuple de la liberté,European People's Party,,29074,Italy
7/14/09,7/14/14,Mario Borghezio,North-West Italy,Ligue du Nord,Europe of Freedom and Democracy,,21817,Italy
7/14/09,7/14/14,Rita Borsellino,Islands Italy,Parti démocrate,Party of European Socialists ,,96916,Italy
7/14/09,7/14/14,Toni Cancian,North-East Italy,Le Peuple de la liberté,European People's Party,,96733,Italy
7/14/09,7/14/14,Salvatore Caronna,North-East Italy,Parti démocrate,Party of European Socialists ,,96866,Italy
7/14/09,7/14/14,Carlo Casini,Central Italy,Union de Central,European People's Party,,988,Italy
7/14/09,7/14/14,Sergio Cofferati,North-West Italy,Parti démocrate,Party of European Socialists ,,96915,Italy
7/14/09,6/6/11,Giovanni Collino,North-East Italy,Le Peuple de la liberté,European People's Party,,97195,Italy
6/6/11,7/14/14,Giuseppe Gargani,North-East Italy,Le Peuple de la liberté,European People's Party,,4562,Italy
7/14/09,7/14/14,Lara Comi,North-West Italy,Le Peuple de la liberté,European People's Party,,96775,Italy
7/14/09,7/14/14,Silvia Costa,Central Italy,Parti démocrate,Party of European Socialists ,,96917,Italy
7/14/09,7/14/14,Andrea Cozzolino,Southern Italy,Parti démocrate,Party of European Socialists ,,96880,Italy
7/14/09,7/14/14,Francesco De Angelis,Central Italy,Parti démocrate,Party of European Socialists ,,96887,Italy
7/14/09,7/14/14,Paolo De Castro,Southern Italy,Parti démocrate,Party of European Socialists ,,96891,Italy
7/14/09,7/14/14,Luigi de Magistris,North-East Italy,Italie des valeurs,Alliance of Liberals and Democrats for Europe,,97129,Italy
7/14/09,7/14/14,Leonardo Domenici,Central Italy,Parti démocrate,Party of European Socialists ,,96888,Italy
7/14/09,7/14/14,Herbert Dorfmann,North-East Italy,Parti populaire Southern-tyrolien,European People's Party,,96787,Italy
7/14/09,7/14/14,Carlo Fidanza,North-West Italy,Le Peuple de la liberté,European People's Party,,96810,Italy
7/14/09,7/14/14,Lorenzo Fontana,North-East Italy,Ligue du Nord,Europe of Freedom and Democracy,,96993,Italy
7/14/09,7/14/14,Elisabetta Gardini,North-East Italy,Le Peuple de la liberté,European People's Party,,58758,Italy
7/14/09,7/14/14,Roberto Gualtieri,Central Italy,Parti démocrate,Party of European Socialists ,,96892,Italy
7/14/09,7/14/14,Salvatore Iacolino,Islands Italy,Le Peuple de la liberté,European People's Party,,96818,Italy
7/14/09,7/14/14,Vincenzo Iovine,Southern Italy,Italie des valeurs,Alliance of Liberals and Democrats for Europe,,97130,Italy
7/14/09,7/14/14,Giovanni La Via,Islands Italy,Le Peuple de la liberté,European People's Party,,96816,Italy
7/14/09,7/14/14,Clemente Mastella,Southern Italy,Le Peuple de la liberté,European People's Party,,4462,Italy
7/14/09,7/14/14,Barbara Matera,Southern Italy,Le Peuple de la liberté,European People's Party,,96813,Italy
7/14/09,7/14/14,Mario Mauro,North-West Italy,Le Peuple de la liberté,European People's Party,,4393,Italy
7/14/09,7/14/14,Erminia Mazzoni,Southern Italy,Le Peuple de la liberté,European People's Party,,96817,Italy
7/14/09,7/14/14,Guido Milana,Central Italy,Parti démocrate,Party of European Socialists ,,97020,Italy
7/14/09,7/14/14,Ciriaco De Mita,Southern Italy,Union de Central,European People's Party,,1746,Italy
7/14/09,7/14/14,Claudio Morganti,Central Italy,Ligue du Nord,Europe of Freedom and Democracy,,97280,Italy
7/14/09,7/14/14,Tiziano Motti,North-East Italy,Union de Central,European People's Party,,96760,Italy
7/14/09,7/14/14,Cristiana Muscardini,North-West Italy,Le Peuple de la liberté,European People's Party,,1073,Italy
7/14/09,7/14/14,Alfredo Pallone,Central Italy,Le Peuple de la liberté,European People's Party,,97197,Italy
7/14/09,7/14/14,Antonio Panzeri,North-West Italy,Parti démocrate,Party of European Socialists ,,28365,Italy
7/14/09,7/14/14,Aldo Patriciello,Southern Italy,Le Peuple de la liberté,European People's Party,,36392,Italy
7/14/09,7/14/14,Mario Pirillo,Southern Italy,Parti démocrate,Party of European Socialists ,,96890,Italy
7/14/09,7/14/14,Gianni Pittella,Southern Italy,Parti démocrate,Party of European Socialists ,,4436,Italy
7/14/09,7/14/14,Vittorio Prodi,North-East Italy,Parti démocrate,Party of European Socialists ,,28370,Italy
7/14/09,7/14/14,Fiorello Provera,North-West Italy,Ligue du Nord,Europe of Freedom and Democracy,,96994,Italy
7/14/09,7/14/14,Niccolò Rinaldi,Central Italy,Italie des valeurs,Alliance of Liberals and Democrats for Europe,,97229,Italy
7/14/09,7/14/14,Crescenzio Rivellini,Southern Italy,Le Peuple de la liberté,European People's Party,,97199,Italy
7/14/09,7/14/14,Licia Ronzulli,North-West Italy,Le Peuple de la liberté,European People's Party,,96819,Italy
7/14/09,7/14/14,Oreste Rossi,North-West Italy,ex Ligue du Nord,Europe of Freedom and Democracy,,97196,Italy
7/14/09,7/14/14,Potito Salatto,Central Italy,Le Peuple de la liberté,European People's Party,,96889,Italy
7/14/09,7/14/14,Matteo Salvini,North-West Italy,Ligue du Nord,Europe of Freedom and Democracy,,28404,Italy
7/14/09,7/14/14,Amalia Sartori,North-East Italy,Le Peuple de la liberté,European People's Party,,4423,Italy
7/14/09,7/14/14,David Sassoli,Central Italy,Parti démocrate,Party of European Socialists ,,96864,Italy
7/14/09,7/14/14,Giancarlo Scottà,North-East Italy,Ligue du Nord,Europe of Freedom and Democracy,,96996,Italy
7/14/09,7/14/14,Marco Scurria,Central Italy,Le Peuple de la liberté,European People's Party,,96843,Italy
7/14/09,7/14/14,Debora Serracchiani,North-East Italy,Parti démocrate,Party of European Socialists ,,96865,Italy
7/14/09,7/14/14,Sergio Silvestris,Southern Italy,Le Peuple de la liberté,European People's Party,,96755,Italy
7/14/09,7/14/14,Francesco Speroni,North-West Italy,Ligue du Nord,Europe of Freedom and Democracy,,0,Italy
7/14/09,7/14/14,Gianluca Susta,North-West Italy,Parti démocrate,Party of European Socialists ,,36396,Italy
7/14/09,7/14/14,Salvatore Tatarella,Southern Italy,Le Peuple de la liberté,European People's Party,,1945,Italy
7/14/09,7/14/14,Patrizia Toia,North-West Italy,Parti démocrate,Party of European Socialists ,,28340,Italy
7/14/09,7/14/14,Giommaria Uggias,Islands Italy,Italie des valeurs,Alliance of Liberals and Democrats for Europe,,97131,Italy
7/14/09,7/14/14,Gianni Vattimo,North-West Italy,Italie des valeurs,Alliance of Liberals and Democrats for Europe,,4398,Italy
7/14/09,7/14/14,Iva Zanicchi,North-West Italy,Le Peuple de la liberté,European People's Party,,41007,Italy
7/15/14,7/1/19,Isabella Adinolfi,Southern Italy,Mouvement 5 étoiles,Europe of Freedom and Direct Democracy,,124831,Italy
7/15/14,7/1/19,Marco Affronte,North-East Italy,Mouvement 5 étoiles,Europe of Freedom and Direct Democracy,,124797,Italy
7/15/14,7/1/19,Laura Agea,Central Italy,Mouvement 5 étoiles,Europe of Freedom and Direct Democracy,,124811,Italy
7/15/14,7/1/19,Daniela Aiuto,Southern Italy,Mouvement 5 étoiles,Europe of Freedom and Direct Democracy,,124842,Italy
7/15/14,7/1/19,Tiziana Beghin,North-West Italy,Mouvement 5 étoiles,Europe of Freedom and Direct Democracy,,124777,Italy
7/15/14,7/1/19,Brando Benifei,North-West Italy,Parti démocrate,Party of European Socialists ,,124867,Italy
7/15/14,7/1/19,Goffredo Bettini,Central Italy,Parti démocrate,Party of European Socialists ,,124819,Italy
7/15/14,7/1/19,Mara Bizzotto,North-East Italy,Ligue du Nord,Non-Inscrits,,97198,Italy
7/15/14,7/1/19,Simona Bonafé,Central Italy,Parti démocrate,Party of European Socialists ,,124814,Italy
7/15/14,7/1/19,Mario Borghezio,Central Italy,Ligue du Nord,Non-Inscrits,,21817,Italy
7/15/14,7/1/19,David Borrelli,North-East Italy,Mouvement 5 étoiles,Europe of Freedom and Direct Democracy,,124796,Italy
7/15/14,7/1/19,Mercedes Bresso,North-West Italy,Parti démocrate,Party of European Socialists ,,28346,Italy
7/15/14,7/1/19,Renata Briano,North-West Italy,Parti démocrate,Party of European Socialists ,,124787,Italy
7/15/14,7/7/16,Gianluca Buonanno,North-West Italy,Ligue du Nord,Non-Inscrits,,124869,Italy
7/7/16,7/1/19,Angelo Ciocca,North-West Italy,Ligue du Nord,Non-Inscrits,,183793,Italy
7/15/14,7/1/19,Nicola Caputo,Southern Italy,Parti démocrate,Party of European Socialists ,,124851,Italy
7/15/14,7/1/19,Fabio Massimo Castaldo,Central Italy,Mouvement 5 étoiles,Europe of Freedom and Direct Democracy,,124812,Italy
7/15/14,7/1/19,Lorenzo Cesa,Southern Italy,Union de Central,European People's Party,,28451,Italy
7/15/14,7/1/19,Caterina Chinnici,Islands Italy,Parti démocrate,Party of European Socialists ,,124861,Italy
7/15/14,7/1/19,Salvatore Cicu,Islands Italy,Forza Italia,European People's Party,,124854,Italy
7/15/14,7/1/19,Alberto Cirio,North-West Italy,Forza Italia,European People's Party,,124772,Italy
7/15/14,7/1/19,Sergio Cofferati,North-West Italy,Parti démocrate,Party of European Socialists ,,96915,Italy
7/15/14,7/1/19,Lara Comi,North-West Italy,Forza Italia,European People's Party,,96775,Italy
7/15/14,7/1/19,Ignazio Corrao,Islands Italy,Mouvement 5 étoiles,Europe of Freedom and Direct Democracy,,124856,Italy
7/15/14,7/1/19,Silvia Costa,Central Italy,Parti démocrate,Party of European Socialists ,,96917,Italy
7/15/14,7/1/19,Andrea Cozzolino,Southern Italy,Parti démocrate,Party of European Socialists ,,96880,Italy
7/15/14,7/1/19,Rosa D'Amato,Southern Italy,Mouvement 5 étoiles,Europe of Freedom and Direct Democracy,,124835,Italy
7/15/14,7/1/19,Nicola Danti,Central Italy,Parti démocrate,Party of European Socialists ,,124821,Italy
7/15/14,7/1/19,Paolo De Castro,North-East Italy,Parti démocrate,Party of European Socialists ,,96891,Italy
7/15/14,7/1/19,Isabella De Monte,North-East Italy,Parti démocrate,Party of European Socialists ,,124803,Italy
7/15/14,7/1/19,Herbert Dorfmann,North-East Italy,Südtiroler Volkspartei,European People's Party,,96787,Italy
7/15/14,7/1/19,Eleonora Evi,North-West Italy,Mouvement 5 étoiles,Europe of Freedom and Direct Democracy,,124779,Italy
7/15/14,7/1/19,Laura Ferrara,Southern Italy,Mouvement 5 étoiles,Europe of Freedom and Direct Democracy,,124833,Italy
7/15/14,7/1/19,Raffaele Fitto,Southern Italy,Forza Italia,European People's Party,,4465,Italy
7/15/14,4/17/18,Lorenzo Fontana,North-East Italy,Ligue du Nord,Non-Inscrits,,96993,Italy
4/18/18,7/1/19,Danilo Oscar Lancini,North-East Italy,Ligue du Nord,Non-Inscrits,,192635,Italy
7/15/14,7/1/19,Eleonora Forenza,Southern Italy,L'autre Europe avec Tsipras,European United Left–Nordic Green Left,,125193,Italy
7/15/14,7/1/19,Elisabetta Gardini,North-East Italy,Forza Italia,European People's Party,,58758,Italy
7/15/14,7/1/19,Enrico Gasbarra,Central Italy,Parti démocrate,Party of European Socialists ,,124817,Italy
7/15/14,7/1/19,Elena Gentile,Southern Italy,Parti démocrate,Party of European Socialists ,,124847,Italy
7/15/14,7/1/19,Michela Giuffrida,Islands Italy,Parti démocrate,Party of European Socialists ,,124864,Italy
7/15/14,7/1/19,Roberto Gualtieri,Central Italy,Parti démocrate,Party of European Socialists ,,96892,Italy
7/15/14,7/1/19,Cécile Kyenge,North-East Italy,Parti démocrate,Party of European Socialists ,,124801,Italy
7/15/14,7/1/19,Giovanni La Via,Islands Italy,Nouveau Central-droit,European People's Party,,96816,Italy
7/15/14,7/1/19,Fulvio Martusciello,Southern Italy,Forza Italia,European People's Party,,124828,Italy
7/15/14,7/1/19,Barbara Matera,Southern Italy,Forza Italia,European People's Party,,96813,Italy
7/15/14,7/1/19,Giulia Moi,Islands Italy,Mouvement 5 étoiles,Europe of Freedom and Direct Democracy,,124859,Italy
7/15/14,2/8/15,Alessandra Moretti,North-East Italy,Parti démocrate,Party of European Socialists ,,124799,Italy
2/8/15,7/1/19,Damiano Zoffoli,North-East Italy,Parti démocrate,Party of European Socialists ,,131051,Italy
7/15/14,7/1/19,Luigi Morgano,North-West Italy,Parti démocrate,Party of European Socialists ,,124788,Italy
7/15/14,7/1/19,Alessia Mosca,North-West Italy,Parti démocrate,Party of European Socialists ,,124868,Italy
7/15/14,7/1/19,Curzio Maltese,North-West Italy,L'autre Europe avec Tsipras,European United Left–Nordic Green Left,,125192,Italy
7/15/14,7/1/19,Alessandra Mussolini,Central Italy,Forza Italia,European People's Party,,28429,Italy
7/15/14,7/1/19,Antonio Panzeri,North-West Italy,Parti démocrate,Party of European Socialists ,,28365,Italy
7/15/14,7/1/19,Massimo Paolucci,Southern Italy,Parti démocrate,Party of European Socialists ,,124849,Italy
7/15/14,7/1/19,Aldo Patriciello,Southern Italy,Forza Italia,European People's Party,,36392,Italy
7/15/14,7/1/19,Piernicola Pedicini,Southern Italy,Mouvement 5 étoiles,Europe of Freedom and Direct Democracy,,124844,Italy
7/15/14,7/1/19,Pina Picierno,Southern Italy,Parti démocrate,Party of European Socialists ,,124846,Italy
7/15/14,4/17/18,Gianni Pittella,Southern Italy,Parti démocrate,Party of European Socialists ,,4436,Italy
4/17/18,7/1/19,Giuseppe Ferrandino,Southern Italy,Parti démocrate,Party of European Socialists ,,192634,Italy
7/15/14,4/17/18,Salvo Pogliese,Islands Italy,Forza Italia,European People's Party,,124853,Italy
4/17/18,7/19/18,Gianfranco Micciché,Islands Italy,Forza Italia,European People's Party,,193706,Italy
7/19/18,7/1/19,Innocenzo Leontini,Islands Italy,Forza Italia,European People's Party,,72754,Italy
7/15/14,7/1/19,Massimiliano Salini,North-West Italy,Nouveau Central-droit,European People's Party,,125670,Italy
7/15/14,4/17/18,Matteo Salvini,North-West Italy,Ligue du Nord,Non-Inscrits,,28404,Italy
4/17/18,7/1/19,Giancarlo Scottà,North-West Italy,Ligue du Nord,Non-Inscrits,,96996,Italy
7/15/14,7/1/19,David Sassoli,Central Italy,Parti démocrate,Party of European Socialists ,,96864,Italy
7/15/14,7/1/19,Elly Schlein,North-East Italy,Parti démocrate,Party of European Socialists ,,124804,Italy
7/15/14,7/1/19,Remo Sernagiotto,North-East Italy,Forza Italia,European People's Party,,124794,Italy
7/15/14,7/1/19,Renato Soru,Islands Italy,Parti démocrate,Party of European Socialists ,,124860,Italy
7/15/14,7/1/19,Barbara Spinelli,Central Italy,L'autre Europe avec Tsipras,European United Left–Nordic Green Left,,124810,Italy
7/15/14,7/1/19,Antonio Tajani,Central Italy,Forza Italia,European People's Party,,2187,Italy
7/15/14,7/1/19,Dario Tamburrano,Central Italy,Mouvement 5 étoiles,Europe of Freedom and Direct Democracy,,124813,Italy
7/15/14,7/1/19,Patrizia Toia,North-West Italy,Parti démocrate,Party of European Socialists ,,28340,Italy
7/15/14,7/13/15,Giovanni Toti,North-West Italy,Forza Italia,European People's Party,,124764,Italy
7/13/15,7/1/19,Stefano Maullu,North-West Italy,Forza Italia,European People's Party,,133326,Italy
7/15/14,7/1/19,Marco Valli,North-West Italy,Mouvement 5 étoiles,Europe of Freedom and Direct Democracy,,124778,Italy
7/15/14,7/1/19,Daniele Viotti,North-West Italy,Parti démocrate,Party of European Socialists ,,124791,Italy
7/15/14,7/1/19,Marco Zanni,North-West Italy,Mouvement 5 étoiles,Europe of Freedom and Direct Democracy,,124780,Italy
7/15/14,7/1/19,Flavio Zanonato,North-East Italy,Parti démocrate,Party of European Socialists ,,124800,Italy
7/15/14,7/1/19,Marco Zullo,North-East Italy,Mouvement 5 étoiles,Europe of Freedom and Direct Democracy,,125237,Italy